{
  "fishingList": [
    {
      "code": 101,
      "name": "红海星",
      "price": 100,
      "time": "Day"
    },
    {
      "code": 102,
      "name": "蓝海星",
      "price": 120,
      "time": "Day"
    },
    {
      "code": 103,
      "name": "海胆",
      "price": 130,
      "time": "All"
    },
    {
      "code": 104,
      "name": "金面花鲈",
      "price": 120,
      "time": "All"
    },
    {
      "code": 105,
      "name": "蓝副鮗",
      "price": 120,
      "time": "All"
    },
    {
      "code": 106,
      "name": "火神仙",
      "price": 340,
      "time": "All"
    },
    {
      "code": 107,
      "name": "蓝神仙",
      "price": 300,
      "time": "Night"
    },
    {
      "code": 108,
      "name": "帝王神仙",
      "price": 500,
      "time": "Night"
    },
    {
      "code": 109,
      "name": "多色神仙",
      "price": 300,
      "time": "Day"
    },
    {
      "code": 110,
      "name": "黑白神仙",
      "price": 180,
      "time": "Day"
    },
    {
      "code": 111,
      "name": "绿雀鲷",
      "price": 200,
      "time": "All"
    },
    {
      "code": 112,
      "name": "灰雀鲷",
      "price": 180,
      "time": "All"
    },
    {
      "code": 113,
      "name": "鲸鱼",
      "price": 500,
      "time": "All"
    },
    {
      "code": 114,
      "name": "海豚",
      "price": 450,
      "time": "All"
    },
    {
      "code": 115,
      "name": "剑鱼",
      "price": 300,
      "time": "Night"
    },
    {
      "code": 116,
      "name": "海马",
      "price": 320,
      "time": "Night"
    },
    {
      "code": 201,
      "name": "螃蟹",
      "price": 350,
      "time": "Day"
    },
    {
      "code": 202,
      "name": "淡黑镊丽鱼",
      "price": 250,
      "time": "Day"
    },
    {
      "code": 203,
      "name": "蓝清道夫",
      "price": 200,
      "time": "All"
    },
    {
      "code": 204,
      "name": "绿清道夫",
      "price": 225,
      "time": "All"
    },
    {
      "code": 205,
      "name": "白清道夫",
      "price": 250,
      "time": "All"
    },
    {
      "code": 206,
      "name": "沙丁鱼",
      "price": 80,
      "time": "All"
    },
    {
      "code": 207,
      "name": "拟黄鲫",
      "price": 80,
      "time": "Night"
    },
    {
      "code": 208,
      "name": "小丑鱼",
      "price": 180,
      "time": "Night"
    },
    {
      "code": 209,
      "name": "银鲑",
      "price": 190,
      "time": "Day"
    },
    {
      "code": 210,
      "name": "红鲑鱼",
      "price": 190,
      "time": "Day"
    },
    {
      "code": 211,
      "name": "粉珍珠",
      "price": 480,
      "time": "All"
    },
    {
      "code": 212,
      "name": "猩红扇贝",
      "price": 320,
      "time": "All"
    },
    {
      "code": 213,
      "name": "粉红扇贝",
      "price": 280,
      "time": "All"
    },
    {
      "code": 214,
      "name": "火红珍珠",
      "price": 500,
      "time": "All"
    },
    {
      "code": 215,
      "name": "鲀鱼",
      "price": 180,
      "time": "Night"
    },
    {
      "code": 216,
      "name": "水母",
      "price": 80,
      "time": "Night"
    },
    {
      "code": 301,
      "name": "中华绒螯蟹",
      "price": 120,
      "time": "Day"
    },
    {
      "code": 302,
      "name": "金鱼",
      "price": 80,
      "time": "Day"
    },
    {
      "code": 303,
      "name": "白斑锦鲤",
      "price": 350,
      "time": "All"
    },
    {
      "code": 304,
      "name": "橙斑锦鲤",
      "price": 340,
      "time": "All"
    },
    {
      "code": 305,
      "name": "杂色锦鲤",
      "price": 300,
      "time": "All"
    },
    {
      "code": 306,
      "name": "黄神仙",
      "price": 250,
      "time": "All"
    },
    {
      "code": 307,
      "name": "窜条鱼",
      "price": 60,
      "time": "Night"
    },
    {
      "code": 308,
      "name": "鲨鱼",
      "price": 500,
      "time": "Night"
    },
    {
      "code": 309,
      "name": "蓝海马",
      "price": 250,
      "time": "Day"
    },
    {
      "code": 310,
      "name": "紫章鱼",
      "price": 200,
      "time": "Day"
    },
    {
      "code": 311,
      "name": "树蛙",
      "price": 80,
      "time": "All"
    },
    {
      "code": 312,
      "name": "海龟",
      "price": 200,
      "time": "All"
    },
    {
      "code": 313,
      "name": "深海鳐鱼",
      "price": 250,
      "time": "All"
    },
    {
      "code": 314,
      "name": "蓝色龙虾",
      "price": 530,
      "time": "All"
    },
    {
      "code": 315,
      "name": "小青龙",
      "price": 480,
      "time": "Night"
    },
    {
      "code": 316,
      "name": "虎纹虾",
      "price": 220,
      "time": "Night"
    },
    {
      "code": 401,
      "name": "割喉鳟",
      "price": 120,
      "time": "Day"
    },
    {
      "code": 402,
      "name": "褐鳟",
      "price": 100,
      "time": "Day"
    },
    {
      "code": 403,
      "name": "彩虹鳟",
      "price": 140,
      "time": "All"
    },
    {
      "code": 404,
      "name": "乔克非鲫",
      "price": 110,
      "time": "All"
    },
    {
      "code": 405,
      "name": "鲈鱼",
      "price": 85,
      "time": "All"
    },
    {
      "code": 406,
      "name": "蓝鳍金枪鱼",
      "price": 145,
      "time": "All"
    },
    {
      "code": 407,
      "name": "大口鲈鱼",
      "price": 90,
      "time": "Night"
    },
    {
      "code": 408,
      "name": "帝王鲑",
      "price": 80,
      "time": "Night"
    },
    {
      "code": 409,
      "name": "三间魔",
      "price": 80,
      "time": "Day"
    },
    {
      "code": 410,
      "name": "横带刺尾鱼",
      "price": 100,
      "time": "Day"
    },
    {
      "code": 411,
      "name": "鳎鱼",
      "price": 80,
      "time": "All"
    },
    {
      "code": 412,
      "name": "阿穆尔鲤",
      "price": 80,
      "time": "All"
    },
    {
      "code": 413,
      "name": "金目鲷",
      "price": 90,
      "time": "All"
    },
    {
      "code": 414,
      "name": "银鳊鱼",
      "price": 80,
      "time": "All"
    },
    {
      "code": 415,
      "name": "红绿灯",
      "price": 85,
      "time": "Night"
    },
    {
      "code": 416,
      "name": "雪卡鱼",
      "price": 80,
      "time": "Night"
    },
    {
      "code": 417,
      "name": "红章鱼",
      "price": 180,
      "time": "Day"
    },
    {
      "code": 418,
      "name": "蝠鲼",
      "price": 250,
      "time": "Day"
    },
    {
      "code": 419,
      "name": "蓝色寄居蟹",
      "price": 250,
      "time": "All"
    },
    {
      "code": 420,
      "name": "寄居蟹",
      "price": 200,
      "time": "All"
    },
    {
      "code": 421,
      "name": "十角海星",
      "price": 100,
      "time": "All"
    },
    {
      "code": 422,
      "name": "小海星",
      "price": 80,
      "time": "All"
    },
    {
      "code": 423,
      "name": "海鳗鱼",
      "price": 80,
      "time": "Night"
    },
    {
      "code": 424,
      "name": "乌贼",
      "price": 100,
      "time": "Night"
    }
  ]
}